Cedar Ridge Apartments,,,,,
1400 Cedar Ridge Road Durham NC 27703,,,,,
Rent roll as of,2026-09-01,,,,
Asking price,1750000,,,,
,,,,,
Unit,Beds,Status,Lease start,Lease end,Monthly rent
101,2,Occupied,2026-03-01,2027-02-28,1450
102,2,Occupied,2026-01-15,2027-01-14,1450
103,2,Occupied,2025-11-01,2026-10-31,1450
104,2,Occupied,2026-05-01,2027-04-30,1450
105,2,Occupied,2026-02-01,2027-01-31,1450
106,2,Occupied,2026-04-15,2027-04-14,1450
107,2,Occupied,2025-12-01,2026-11-30,1450
108,2,Occupied,2024-08-01,2026-07-31,1375
109,2,Occupied,2024-09-15,2026-09-14,1375
110,2,Occupied,2026-08-01,2027-07-31,1500
111,2,Vacant,,,1500
112,2,Occupied,2026-01-01,2027-12-31,1450
,,,,,
Notes from the broker,,,,,
Unit 110 signed 2026-08-01 with one month free rent as a move-in concession.,,,,,
Unit 111 is being marketed at 1500 which is where the last three renewals landed.,,,,,
Unit 112 is occupied by the on-site manager as part of their compensation.,,,,,
Units 108 and 109 are on legacy leases signed before the 2025 renovations.,,,,,
